[{"id":"poi:23980","level":"poi","rating":0.17437168978378,"rating_local":0.17437168978378,"quadkey":"123123011112303331","location":{"lat":26.9239093,"lng":75.8263233},"bounding_box":null,"name":"Hawa Mahal","name_suffix":"Jaipur, India","url":"https://travel.sygic.com/go/poi:23980","duration":3600,"marker":"sightseeing:palace","categories":["sightseeing"],"parent_ids":["city:3131","region:41562","region:271","country:55","continent:4"],"perex":"Hawa Mahal is a palace in Jaipur, India, so it is named because it was essentially a high screen wall built so that the women of the royal…","customer_rating":null,"star_rating":null,"star_rating_unofficial":null,"thumbnail_url":"https://media-cdn.sygictraveldata.com/media/poi:23980"},{"id":"poi:24002","level":"poi","rating":0.13213076525012,"rating_local":0.13213076525012,"quadkey":"123123011112131321","location":{"lat":26.9533945,"lng":75.846101},"bounding_box":null,"name":"Jal Mahal","name_suffix":"Jaipur, India","url":"https://travel.sygic.com/go/poi:24002","duration":3600,"marker":"sightseeing:architecture","categories":["sightseeing"],"parent_ids":["city:3131","region:41562","region:271","country:55","continent:4"],"perex":"Jal Mahal is a palace located in the middle of the Man Sagar Lake in Jaipur city, the capital of the state of Rajasthan, India.","customer_rating":null,"star_rating":null,"star_rating_unofficial":null,"thumbnail_url":"https://media-cdn.sygictraveldata.com/media/poi:24002"},{"id":"poi:23983","level":"poi","rating":0.12663239335427,"rating_local":0.12663239335427,"quadkey":"123123011112303301","location":{"lat":26.9262124,"lng":75.823733},"bounding_box":null,"name":"City Palace","name_suffix":"Jaipur, India","url":"https://travel.sygic.com/go/poi:23983","duration":7200,"marker":"discovering:museum","categories":["discovering","hiking","sightseeing"],"parent_ids":["city:3131","region:41562","region:271","country:55","continent:4"],"perex":"City Palace, Jaipur, which includes the Chandra Mahal and Mubarak Mahal palaces and other buildings, is a palace complex in Jaipur, the…","customer_rating":null,"star_rating":null,"star_rating_unofficial":null,"thumbnail_url":"https://media-cdn.sygictraveldata.com/media/poi:23983"},{"id":"poi:23978","level":"poi","rating":0.09968785493187,"rating_local":0.09968785493187,"quadkey":"123123011112303303","location":{"lat":26.9247388,"lng":75.8244662},"bounding_box":null,"name":"Jantar Mantar Astronomical Observatory","name_suffix":"Jaipur, India","url":"https://travel.sygic.com/go/poi:23978","duration":3600,"marker":"sightseeing:archaeological_site","categories":["sightseeing"],"parent_ids":["city:3131","region:41562","region:271","country:55","continent:4"],"perex":"The Jantar Mantar monument in Jaipur, Rajasthan is a collection of nineteen architectural astronomical instruments, built by the Rajput…","customer_rating":null,"star_rating":null,"star_rating_unofficial":null,"thumbnail_url":"https://media-cdn.sygictraveldata.com/media/poi:23978"},{"id":"poi:23982","level":"poi","rating":0.078874976831213,"rating_local":0.078874976831213,"quadkey":"123123011112300132","location":{"lat":26.937489,"lng":75.815191},"bounding_box":null,"name":"Nahargarh Fort","name_suffix":"Jaipur, India","url":"https://travel.sygic.com/go/poi:23982","duration":3600,"marker":"sightseeing","categories":["sightseeing"],"parent_ids":["city:3131","region:41562","region:271","country:55","continent:4"],"perex":"Nahargarh Fort stands on the edge of the Aravalli Hills, overlooking the city of Jaipur in the Indian state of Rajasthan.","customer_rating":null,"star_rating":null,"star_rating_unofficial":null,"thumbnail_url":"https://media-cdn.sygictraveldata.com/media/poi:23982"},{"id":"poi:24012","level":"poi","rating":0.057318970803914,"rating_local":0.057318970803914,"quadkey":"123123011112303121","location":{"lat":26.9287662,"lng":75.8239003},"bounding_box":null,"name":"Govind Dev Ji Ka Mandir","name_suffix":"Jaipur, India","url":"https://travel.sygic.com/go/poi:24012","duration":3600,"marker":"other:place_of_worship","categories":["sightseeing"],"parent_ids":["city:3131","region:41562","region:271","country:55","continent:4"],"perex":"The Vaishnava temple Govind Dev Ji is situated in Jaipur in Rajasthan state of India. It is located in the City Palace complex.","customer_rating":null,"star_rating":null,"star_rating_unofficial":null,"thumbnail_url":"https://media-cdn.sygictraveldata.com/media/poi:24012"},{"id":"poi:23985","level":"poi","rating":0.045306679347143,"rating_local":0.045306679347143,"quadkey":"123123011112123330","location":{"lat":26.943266,"lng":75.825276},"bounding_box":null,"name":"Royal Gaitor Monument","name_suffix":"Jaipur, India","url":"https://travel.sygic.com/go/poi:23985","duration":3600,"marker":"sightseeing","categories":["sightseeing"],"parent_ids":["city:3131","region:41562","region:271","country:55","continent:4"],"perex":"Explore this mysterious funerary complex and let the late Jaipur´s royals keep you company.","customer_rating":null,"star_rating":null,"star_rating_unofficial":null,"thumbnail_url":"https://media-cdn.sygictraveldata.com/media/poi:23985"},{"id":"poi:23981","level":"poi","rating":0.041333075430305,"rating_local":0.041333075430305,"quadkey":"123123011113220201","location":{"lat":26.9171235,"lng":75.8522928},"bounding_box":null,"name":"Sun Temple","name_suffix":"Jaipur, India","url":"https://travel.sygic.com/go/poi:23981","duration":3600,"marker":"other:place_of_worship","categories":["sightseeing"],"parent_ids":["city:3131","region:41562","region:271","country:55","continent:4"],"perex":"Small but charming temple of the sun god offers terrific panoramic views and a peaceful place to relax, especially good for tired travelers.","customer_rating":null,"star_rating":null,"star_rating_unofficial":null,"thumbnail_url":"https://media-cdn.sygictraveldata.com/media/poi:23981"},{"id":"poi:19842495","level":"poi","rating":0.039426030823341,"rating_local":0.039426030823341,"quadkey":"123123011130102111","location":{"lat":26.8922068,"lng":75.8156803},"bounding_box":null,"name":"Lakshmi Narayan Temple","name_suffix":"Jaipur, India","url":"https://travel.sygic.com/go/poi:19842495","duration":3600,"marker":"other:place_of_worship:temple","categories":["sightseeing"],"parent_ids":["city:3131","region:41562","region:271","country:55","continent:4"],"perex":"This charming Hindu temple is dedicated to Lord Vishnu and Goddess Lakshmi.","customer_rating":null,"star_rating":null,"star_rating_unofficial":null,"thumbnail_url":"https://media-cdn.sygictraveldata.com/media/poi:19842495"},{"id":"poi:24011","level":"poi","rating":0.033860248409821,"rating_local":0.033860248409821,"quadkey":"123123011112321233","location":{"lat":26.9126971,"lng":75.8209769},"bounding_box":null,"name":"Jaipur Zoo","name_suffix":"Jaipur, India","url":"https://travel.sygic.com/go/poi:24011","duration":14400,"marker":"relaxing:park","categories":["sightseeing","relaxing"],"parent_ids":["city:3131","region:41562","region:271","country:55","continent:4"],"perex":"Jaipur Zoo is a zoo in Jaipur city of Rajasthan state in India. The zoo was opened in 1877 and is located near to the Albert Hall Museum.","customer_rating":null,"star_rating":null,"star_rating_unofficial":null,"thumbnail_url":"https://media-cdn.sygictraveldata.com/media/poi:24011"}]